id,name,lastname,price,flycode,typePassenger,statusFlight
1,Lou,Gonzalez,10000.00,Ba2491a,FirstClass,Aterrizado
2,Ulrike,Munioz,25000.00,Ib0800a,FirstClass,Aterrizado
3,Brade,Rojas,20000.00,Mm0987b,FirstClass,En horario
4,Kimbell,Diaz,50000.00,Ba2491a,FirstClass,Aterrizado
5,Sheelagh,Perez,18000.00,Ib0800a,FirstClass,Aterrizado
6,Gayle,Soto,30000.00,Mm0987b,FirstClass,En horario
7,Kimberlee,Contreras,33000.00,Ba2491a,FirstClass,Aterrizado
8,Henrieta,Silva,30000.00,Ib0800a,FirstClass,Aterrizado
9,Jeanine,Martinez,18000.00,Mm0987b,FirstClass,En horario
10,Aggie,Sepulveda,15000.00,Ba2491a,FirstClass,Aterrizado
11,Brandea,Morales,15000.00,Ib0800a,FirstClass,Aterrizado
12,Cordelie,Rodriguez,50000.00,Ib0800a,FirstClass,Aterrizado
13,Shel,Lopez,50000.00,Mm0987b,FirstClass,En horario
14,Bronnie,Fuentes,20000.00,Mm0987b,FirstClass,En horario
15,Megen,Hernandez,10000.00,Ba2491a,FirstClass,Aterrizado
16,Iver,Torres,12000.00,Ba2491a,FirstClass,Aterrizado
17,Ernesta,Araya,37000.00,Ba2491a,FirstClass,Aterrizado
18,Cirillo,Flores,50000.00,Mm0987b,FirstClass,En horario
19,Park,Espinoza,30000.00,Mm0987b,FirstClass,En horario
20,Bellanca,Valenzuela,15000.00,Ba2491a,FirstClass,Aterrizado
21,Bobbye,Castillo,15000.00,Ba2491a,FirstClass,Aterrizado
22,Eugene,Tapia,50000.00,Ba2491a,FirstClass,Aterrizado
23,Johnny,Reyes,33000.00,Mm0987b,FirstClass,En horario
24,Reagen,Gutierrez,42000.00,Mm0987b,FirstClass,En horario
25,Braden,Castro,25000.00,Mm0987b,FirstClass,En horario
26,Karim,Pizarro,25000.00,Mm0987b,FirstClass,En horario
27,Anthea,Alvarez,42000.00,Mm0987b,FirstClass,En horario
28,Doro,Vasquez,33000.00,Ib0800a,FirstClass,Aterrizado
29,Gaye,Sanchez,37000.00,Ib0800a,FirstClass,Aterrizado
30,Toby,Fernandez,15000.00,Ib0800a,FirstClass,Aterrizado
31,Franny,Ramirez,15000.00,Ib0800a,FirstClass,Aterrizado
32,Katey,Carrasco,42000.00,Mm0987b,FirstClass,En horario
33,Earle,Gomez,10000.00,Ba2491a,FirstClass,Aterrizado
34,Redd,Cortes,42000.00,Ba2491a,FirstClass,Aterrizado
35,Jehanna,Herrera,50000.00,Ba2491a,FirstClass,Aterrizado
36,Cristie,Nuniez,10000.00,Ba2491a,FirstClass,Aterrizado
37,Stefa,Jara,42000.00,Ba2491a,FirstClass,Aterrizado
38,Roda,Vergara,25000.00,Mm0987b,FirstClass,En horario
39,Alfredo,Rivera,10000.00,Mm0987b,FirstClass,En horario
40,Sydney,Figueroa,10000.00,Mm0987b,FirstClass,En horario
41,Brnaba,Riquelme,30000.00,Mm0987b,FirstClass,En horario
42,Ame,Garcia,50000.00,Ba2491a,ExecutiveClass,Aterrizado
43,Bradney,Miranda,25000.00,Ba2491a,ExecutiveClass,Aterrizado
44,Margarete,Bravo,50000.00,Ba2491a,ExecutiveClass,Aterrizado
45,Nikoletta,Vera,50000.00,Mm0987b,FirstClass,En horario
46,Lonnard,Molina,50000.00,Ib0800a,FirstClass,Aterrizado
47,Raine,Vega,30000.00,Ib0800a,FirstClass,Aterrizado
48,Noella,Campos,15000.00,Ib0800a,FirstClass,Aterrizado
49,Dagmar,Sandoval,25000.00,Ib0800a,FirstClass,Aterrizado
50,Carroll,Orellana,42000.00,Ib0800a,FirstClass,Aterrizado
51,Marion,Cardenas,50000.00,Ib0800a,FirstClass,Aterrizado
52,Carline,Olivares,12000.00,Ib0800a,FirstClass,Aterrizado
53,Hyacinthie,Alarcon,15000.00,Mm0987b,FirstClass,En horario
54,Julina,Gallardo,33000.00,Mm0987b,FirstClass,En horario
55,Corina,Ortiz,37000.00,Mm0987b,FirstClass,En horario
56,Bernardine,Garrido,33000.00,Mm0987b,FirstClass,En horario
57,Homer,Salazar,18000.00,Mm0987b,FirstClass,En horario
58,Lianna,Guzman,12000.00,Mm0987b,FirstClass,En horario
59,Celene,Henriquez,50000.00,Mm0987b,FirstClass,En horario
60,Kori,Saavedra,50000.00,Mm0987b,FirstClass,En horario
61,Deeyn,Navarro,20000.00,Mm0987b,FirstClass,En horario
62,Marysa,Aguilera,20000.00,Mm0987b,FirstClass,En horario
63,Loy,Parra,15000.00,Mm0987b,FirstClass,En horario
64,Gabbey,Romero,37000.00,Mm0987b,FirstClass,En horario
65,Star,Aravena,33000.00,Mm0987b,FirstClass,En horario
66,Dominica,Vargas,33000.00,Ib0800a,FirstClass,Aterrizado
67,Blanch,Vazquez,15000.00,Ib0800a,FirstClass,Aterrizado
68,Cristobal,Caceres,15000.00,Ib0800a,FirstClass,Aterrizado
69,Paulita,Yaniez,50000.00,Ib0800a,FirstClass,Aterrizado
70,Sayre,Leiva,33000.00,Ib0800a,FirstClass,Aterrizado
71,Shaughn,Escobar,15000.00,Ib0800a,FirstClass,Aterrizado
72,Katrine,Ruiz,25000.00,Ib0800a,FirstClass,Aterrizado
73,Cristi,Valdes,42000.00,Ib0800a,FirstClass,Aterrizado
74,Cristie,Vidal,25000.00,Ib0800a,ExecutiveClass,Aterrizado
75,Solomon,Salinas,10000.00,Ib0800a,ExecutiveClass,Aterrizado
76,Nananne,Zuniiga,33000.00,Ib0800a,ExecutiveClass,Aterrizado
77,Sacha,Penia,25000.00,Ib0800a,ExecutiveClass,Aterrizado
78,Morse,Godoy,25000.00,Ib0800a,ExecutiveClass,Aterrizado
79,Roland,Lagos,25000.00,Ib0800a,ExecutiveClass,Aterrizado
80,Jesselyn,Maldonado,30000.00,Ib0800a,ExecutiveClass,Aterrizado
81,Kylila,Bustos,12000.00,Ib0800a,ExecutiveClass,Aterrizado
82,Kendre,Medina,25000.00,Ib0800a,ExecutiveClass,Aterrizado
83,Lesya,Pino,15000.00,Ib0800a,ExecutiveClass,Aterrizado
84,Tatiania,Palma,20000.00,Ib0800a,ExecutiveClass,Aterrizado
85,Trenton,Moreno,12000.00,Ib0800a,ExecutiveClass,Aterrizado
86,Angie,Sanhueza,20000.00,Mm0987b,FirstClass,En horario
87,Joelle,Carvajal,37000.00,Mm0987b,FirstClass,En horario
88,George,Navarrete,30000.00,Mm0987b,ExecutiveClass,En horario
89,Guenevere,Saez,30000.00,Mm0987b,ExecutiveClass,En horario
90,Margaretha,Alvarado,10000.00,Mm0987b,ExecutiveClass,En horario
91,Sully,Donoso,15000.00,Mm0987b,ExecutiveClass,En horario
92,Lonni,Poblete,50000.00,Mm0987b,ExecutiveClass,En horario
93,Nicky,Bustamante,42000.00,Mm0987b,ExecutiveClass,En horario
94,My,Toro,18000.00,Mm0987b,ExecutiveClass,En horario
95,Kyrstin,Ortega,37000.00,Ib0800a,ExecutiveClass,Aterrizado
96,Martino,Venegas,15000.00,Ib0800a,ExecutiveClass,Aterrizado
97,Marcellus,Guerrero,50000.00,Ib0800a,ExecutiveClass,Aterrizado
98,Jacquelin,Mendoza,30000.00,Ib0800a,ExecutiveClass,Aterrizado
99,Aleda,Farias,50000.00,Ib0800a,ExecutiveClass,Aterrizado
100,Georgeta,Sanmartin,10000.00,Ib0800a,ExecutiveClass,Aterrizado
101,Marcille,Gonzalez,10000.00,Ib0800a,ExecutiveClass,Aterrizado
102,Ertha,Fernandez,10000.00,Ib0800a,ExecutiveClass,Aterrizado
103,Desiri,Rodriguez,25000.00,Mm0987b,ExecutiveClass,En horario
104,Geneva,Lopez,33000.00,Mm0987b,ExecutiveClass,En horario
105,Kilian,Martinez,42000.00,Mm0987b,ExecutiveClass,En horario
106,Nance,Sanchez,10000.00,Mm0987b,ExecutiveClass,En horario
107,Gaven,Perez,10000.00,Mm0987b,ExecutiveClass,En horario
108,Carlie,Gomez,10000.00,Mm0987b,ExecutiveClass,En horario
109,Trixie,Martin,42000.00,Ib0800a,ExecutiveClass,Aterrizado
110,Dominick,Jimenez,30000.00,Ib0800a,ExecutiveClass,Aterrizado
111,Petey,Ruiz,15000.00,Ib0800a,ExecutiveClass,Aterrizado
112,Tersina,Hernandez,30000.00,Ib0800a,ExecutiveClass,Aterrizado
113,Johnathon,Diaz,15000.00,Ib0800a,ExecutiveClass,Aterrizado
114,Freddie,Moreno,12000.00,Ib0800a,ExecutiveClass,Aterrizado
115,Harmon,Alvarez,50000.00,Ib0800a,ExecutiveClass,Aterrizado
116,Tracey,Munioz,20000.00,Ib0800a,ExecutiveClass,Aterrizado
117,Cherrita,Romero,33000.00,Mm0987b,ExecutiveClass,En horario
118,Stu,Alonso,12000.00,Mm0987b,ExecutiveClass,En horario
119,Glenda,Gutierrez,37000.00,Mm0987b,ExecutiveClass,En horario
120,Lorettalorna,Navarro,25000.00,Mm0987b,ExecutiveClass,En horario
121,Patrizio,Torres,15000.00,Ib0800a,ExecutiveClass,Aterrizado
122,Linda,Dominguez,30000.00,Ib0800a,ExecutiveClass,Aterrizado
123,Pippa,Vazquez,20000.00,Ib0800a,ExecutiveClass,Aterrizado
124,Pen,Ramos,18000.00,Ib0800a,EconomyClass,Aterrizado
125,Esteban,Gonzalez,15000.00,Ib0800a,EconomyClass,Aterrizado
126,Fonzie,Munioz,15000.00,Ib0800a,EconomyClass,Aterrizado
127,Cindelyn,Rojas,12000.00,Ib0800a,EconomyClass,Aterrizado
128,Zacharie,Diaz,30000.00,Ba2491a,ExecutiveClass,Aterrizado
129,Vina,Perez,42000.00,Ba2491a,ExecutiveClass,Aterrizado
130,Omero,Soto,10000.00,Ba2491a,ExecutiveClass,Aterrizado
131,Tom,Contreras,33000.00,Ba2491a,ExecutiveClass,Aterrizado
132,Dante,Silva,30000.00,Ba2491a,ExecutiveClass,Aterrizado
133,Cordy,Martinez,18000.00,Ba2491a,ExecutiveClass,Aterrizado
134,Stephenie,Sepulveda,50000.00,Ba2491a,ExecutiveClass,Aterrizado
135,Dunstan,Morales,20000.00,Ba2491a,ExecutiveClass,Aterrizado
136,Gideon,Rodriguez,15000.00,Ba2491a,ExecutiveClass,Aterrizado
137,Johnette,Lopez,10000.00,Ba2491a,ExecutiveClass,Aterrizado
138,Brynn,Fuentes,50000.00,Ba2491a,ExecutiveClass,Aterrizado
139,Yankee,Hernandez,42000.00,Ba2491a,ExecutiveClass,Aterrizado
140,Corbin,Torres,42000.00,Ba2491a,ExecutiveClass,Aterrizado
141,Coreen,Araya,18000.00,Ib0800a,EconomyClass,Aterrizado
142,Tanya,Flores,30000.00,Ib0800a,EconomyClass,Aterrizado
143,Jenna,Espinoza,25000.00,Ib0800a,EconomyClass,Aterrizado
144,Flora,Valenzuela,33000.00,Ib0800a,EconomyClass,Aterrizado
145,Dianna,Castillo,20000.00,Ib0800a,EconomyClass,Aterrizado
146,Armand,Tapia,15000.00,Ib0800a,EconomyClass,Aterrizado
147,Gustie,Reyes,42000.00,Ib0800a,EconomyClass,Aterrizado
148,Benton,Gutierrez,12000.00,Ib0800a,EconomyClass,Aterrizado
149,Lena,Castro,25000.00,Ib0800a,EconomyClass,Aterrizado
150,Dot,Pizarro,18000.00,Ib0800a,EconomyClass,Aterrizado
151,Meryl,Alvarez,12000.00,Ib0800a,EconomyClass,Aterrizado
152,Babbie,Vasquez,15000.00,Ib0800a,EconomyClass,Aterrizado
153,Byram,Sanchez,42000.00,Ib0800a,EconomyClass,Aterrizado
154,Bertine,Fernandez,25000.00,Ib0800a,EconomyClass,Aterrizado
155,Osbert,Ramirez,42000.00,Ib0800a,EconomyClass,Aterrizado
156,Tanny,Carrasco,42000.00,Ib0800a,EconomyClass,Aterrizado
157,Maryjo,Gomez,12000.00,Ib0800a,EconomyClass,Aterrizado
158,Clarie,Cortes,42000.00,Ib0800a,EconomyClass,Aterrizado
159,Kipp,Herrera,15000.00,Ib0800a,EconomyClass,Aterrizado
160,Leonie,Nuniez,50000.00,Ib0800a,EconomyClass,Aterrizado
161,Ferdie,Jara,15000.00,Ib0800a,EconomyClass,Aterrizado
162,Ofella,Vergara,50000.00,Ib0800a,EconomyClass,Aterrizado
163,Pascale,Rivera,15000.00,Ib0800a,EconomyClass,Aterrizado
164,Cathrin,Figueroa,30000.00,Ib0800a,EconomyClass,Aterrizado
165,Sib,Riquelme,33000.00,Ib0800a,EconomyClass,Aterrizado
166,Darleen,Garcia,42000.00,Ib0800a,EconomyClass,Aterrizado
167,Didi,Miranda,15000.00,Ib0800a,EconomyClass,Aterrizado
168,Lodovico,Bravo,18000.00,Ib0800a,EconomyClass,Aterrizado
169,Farley,Vera,12000.00,Ib0800a,EconomyClass,Aterrizado
170,Devi,Molina,25000.00,Ib0800a,EconomyClass,Aterrizado
171,Clair,Vega,37000.00,Ib0800a,EconomyClass,Aterrizado
172,Addy,Campos,33000.00,Ib0800a,EconomyClass,Aterrizado
173,Brandon,Sandoval,18000.00,Ib0800a,EconomyClass,Aterrizado
174,Prentiss,Orellana,30000.00,Ib0800a,EconomyClass,Aterrizado
175,Lorant,Cardenas,50000.00,Mm0987b,ExecutiveClass,En horario
176,Wanids,Olivares,30000.00,Mm0987b,ExecutiveClass,En horario
177,Robbi,Alarcon,10000.00,Mm0987b,ExecutiveClass,En horario
178,Mellicent,Gallardo,50000.00,Mm0987b,ExecutiveClass,En horario
179,Lynea,Ortiz,20000.00,Mm0987b,ExecutiveClass,En horario
180,Nial,Garrido,15000.00,Mm0987b,ExecutiveClass,En horario
181,Guillaume,Salazar,37000.00,Mm0987b,ExecutiveClass,En horario
182,Loutitia,Guzman,25000.00,Mm0987b,ExecutiveClass,En horario
183,Ruthe,Henriquez,30000.00,Mm0987b,ExecutiveClass,En horario
184,Eric,Saavedra,50000.00,Mm0987b,ExecutiveClass,En horario
185,Marcellus,Navarro,30000.00,Mm0987b,ExecutiveClass,En horario
186,Ian,Aguilera,42000.00,Mm0987b,ExecutiveClass,En horario
187,Sebastien,Parra,37000.00,Mm0987b,ExecutiveClass,En horario
188,Scarface,Romero,50000.00,Mm0987b,ExecutiveClass,En horario
189,Maible,Aravena,18000.00,Mm0987b,ExecutiveClass,En horario
190,Waldon,Vargas,30000.00,Mm0987b,ExecutiveClass,En horario
191,Bethina,Vazquez,15000.00,Mm0987b,ExecutiveClass,En horario
192,Farand,Caceres,42000.00,Mm0987b,ExecutiveClass,En horario
193,Zolly,Yaniez,25000.00,Mm0987b,ExecutiveClass,En horario
194,Philipa,Leiva,42000.00,Tu6789b,FirstClass,Aterrizado
195,Roderigo,Escobar,20000.00,Ba2491a,ExecutiveClass,Aterrizado
196,Otho,Ruiz,20000.00,Ba2491a,ExecutiveClass,Aterrizado
197,Alasteir,Valdes,20000.00,Ba2491a,ExecutiveClass,Aterrizado
198,Eleonora,Vidal,42000.00,Ba2491a,EconomyClass,Aterrizado
199,Eliot,Salinas,12000.00,Ba2491a,EconomyClass,Aterrizado
200,Alana,Zuniiga,30000.00,Ba2491a,EconomyClass,Aterrizado
201,Odey,Penia,20000.00,Ba2491a,EconomyClass,Aterrizado
202,Yorke,Godoy,15000.00,Ba2491a,EconomyClass,Aterrizado
203,Cissiee,Lagos,18000.00,Ba2491a,EconomyClass,Aterrizado
204,Jillana,Maldonado,18000.00,Ba2491a,EconomyClass,Aterrizado
205,Mallorie,Bustos,30000.00,Tu6789b,FirstClass,Aterrizado
206,Borden,Medina,12000.00,Tu6789b,FirstClass,Aterrizado
207,Maddie,Pino,33000.00,Tu6789b,FirstClass,Aterrizado
208,Weider,Palma,50000.00,Tu6789b,FirstClass,Aterrizado
209,Asia,Moreno,37000.00,Tu6789b,FirstClass,Aterrizado
210,Sayres,Sanhueza,10000.00,Tu6789b,FirstClass,Aterrizado
211,Marcile,Carvajal,30000.00,Tu6789b,FirstClass,Aterrizado
212,Thomasina,Navarrete,42000.00,Tu6789b,FirstClass,Aterrizado
213,Darwin,Saez,18000.00,Tu6789b,FirstClass,Aterrizado
214,Nicolina,Alvarado,30000.00,Tu6789b,FirstClass,Aterrizado
215,Nita,Donoso,12000.00,Tu6789b,FirstClass,Aterrizado
216,Nikoletta,Poblete,12000.00,Tu6789b,FirstClass,Aterrizado
217,Dwight,Bustamante,42000.00,Tu6789b,FirstClass,Aterrizado
218,Romola,Toro,50000.00,Tu6789b,FirstClass,Aterrizado
219,Kaile,Ortega,33000.00,Tu6789b,FirstClass,Aterrizado
220,Mozes,Venegas,25000.00,Tu6789b,FirstClass,Aterrizado
221,Aylmer,Guerrero,33000.00,Tu6789b,FirstClass,Aterrizado
222,Marina,Mendoza,12000.00,Tu6789b,FirstClass,Aterrizado
223,Enrico,Farias,50000.00,Tu6789b,FirstClass,Aterrizado
224,Zonda,Sanmartin,33000.00,Tu6789b,FirstClass,Aterrizado
225,Adriano,Gonzalez,33000.00,Tu6789b,FirstClass,Aterrizado
226,Trula,Fernandez,30000.00,Tu6789b,FirstClass,Aterrizado
227,Adel,Rodriguez,30000.00,Tu6789b,FirstClass,Aterrizado
228,Jeniece,Lopez,15000.00,Tu6789b,FirstClass,Aterrizado
229,Tabina,Martinez,10000.00,Tu6789b,FirstClass,Aterrizado
230,Liana,Sanchez,33000.00,Tu6789b,FirstClass,Aterrizado
231,Marmaduke,Perez,10000.00,Ba2491a,EconomyClass,Aterrizado
232,Alla,Gomez,30000.00,Ba2491a,EconomyClass,Aterrizado
233,Peter,Martin,12000.00,Ba2491a,EconomyClass,Aterrizado
234,Pietro,Jimenez,18000.00,Ba2491a,EconomyClass,Aterrizado
235,Hiram,Ruiz,20000.00,Ba2491a,EconomyClass,Aterrizado
236,Anastasia,Hernandez,18000.00,Ba2491a,EconomyClass,Aterrizado
237,Cathleen,Diaz,10000.00,Tu6789b,FirstClass,Aterrizado
238,Leeanne,Moreno,15000.00,Tu6789b,FirstClass,Aterrizado
239,Chet,Alvarez,42000.00,Tu6789b,FirstClass,Aterrizado
240,Billie,Munioz,37000.00,Tu6789b,FirstClass,Aterrizado
241,Alexandra,Romero,42000.00,Tu6789b,FirstClass,Aterrizado
242,Broddie,Alonso,42000.00,Tu6789b,ExecutiveClass,Aterrizado
243,Brigham,Gutierrez,25000.00,Tu6789b,ExecutiveClass,Aterrizado
244,Cal,Navarro,42000.00,Tu6789b,ExecutiveClass,Aterrizado
245,Donal,Torres,18000.00,Tu6789b,ExecutiveClass,Aterrizado
246,Adam,Dominguez,20000.00,Tu6789b,ExecutiveClass,Aterrizado
247,Dotty,Vazquez,42000.00,Tu6789b,ExecutiveClass,Aterrizado
248,Maynard,Ramos,18000.00,Tu6789b,ExecutiveClass,Aterrizado
249,Jessee,Gonzalez,30000.00,Tu6789b,ExecutiveClass,Aterrizado
250,Tiphani,Munioz,42000.00,Tu6789b,ExecutiveClass,Aterrizado
251,Jenna,Rojas,30000.00,Tu6789b,ExecutiveClass,Aterrizado
252,Karlotte,Diaz,20000.00,Ba2491a,EconomyClass,Aterrizado
253,Norene,Perez,25000.00,Ba2491a,EconomyClass,Aterrizado
254,Morris,Soto,10000.00,Ba2491a,EconomyClass,Aterrizado
255,Yuri,Contreras,25000.00,Ba2491a,EconomyClass,Aterrizado
256,Gusty,Silva,10000.00,Ba2491a,EconomyClass,Aterrizado
257,Jori,Martinez,12000.00,Ba2491a,EconomyClass,Aterrizado
258,Sydelle,Sepulveda,30000.00,Ba2491a,EconomyClass,Aterrizado
259,Merrile,Morales,50000.00,Ba2491a,EconomyClass,Aterrizado
260,Tadd,Rodriguez,50000.00,Tu6789b,ExecutiveClass,Aterrizado
261,Josiah,Lopez,10000.00,Tu6789b,ExecutiveClass,Aterrizado
262,Melisa,Fuentes,12000.00,Tu6789b,ExecutiveClass,Aterrizado
263,Orelee,Hernandez,20000.00,Tu6789b,ExecutiveClass,Aterrizado
264,Stephen,Torres,37000.00,Tu6789b,ExecutiveClass,Aterrizado
265,Blair,Araya,50000.00,Tu6789b,ExecutiveClass,Aterrizado
266,Arel,Flores,30000.00,Tu6789b,ExecutiveClass,Aterrizado
267,Abbie,Espinoza,25000.00,Tu6789b,ExecutiveClass,Aterrizado
268,Channa,Valenzuela,50000.00,Tu6789b,ExecutiveClass,Aterrizado
269,Shirl,Castillo,20000.00,Tu6789b,ExecutiveClass,Aterrizado
270,Edlin,Tapia,20000.00,Tu6789b,ExecutiveClass,Aterrizado
271,Larina,Reyes,18000.00,Tu6789b,ExecutiveClass,Aterrizado
272,Duncan,Gutierrez,37000.00,Tu6789b,ExecutiveClass,Aterrizado
273,Bond,Castro,10000.00,Tu6789b,ExecutiveClass,Aterrizado
274,Dyann,Pizarro,50000.00,Tu6789b,ExecutiveClass,Aterrizado
275,Charmian,Alvarez,15000.00,Tu6789b,ExecutiveClass,Aterrizado
276,Dru,Vasquez,50000.00,Tu6789b,ExecutiveClass,Aterrizado
277,Kiel,Sanchez,50000.00,Tu6789b,ExecutiveClass,Aterrizado
278,Emory,Fernandez,15000.00,Tu6789b,ExecutiveClass,Aterrizado
279,Alberik,Ramirez,50000.00,Tu6789b,ExecutiveClass,Aterrizado
280,Koenraad,Carrasco,20000.00,Tu6789b,ExecutiveClass,Aterrizado
281,Rafaellle,Gomez,50000.00,Tu6789b,ExecutiveClass,Aterrizado
282,Edie,Cortes,25000.00,Tu6789b,ExecutiveClass,Aterrizado
283,Osbert,Herrera,15000.00,Tu6789b,ExecutiveClass,Aterrizado
284,Sidonia,Nuniez,10000.00,Tu6789b,ExecutiveClass,Aterrizado
285,Bartel,Jara,37000.00,Tu6789b,ExecutiveClass,Aterrizado
286,Jodi,Vergara,30000.00,Ba2491a,EconomyClass,Aterrizado
287,Ofelia,Rivera,30000.00,Ba2491a,EconomyClass,Aterrizado
288,Dudley,Figueroa,42000.00,Ba2491a,EconomyClass,Aterrizado
289,Dulcea,Riquelme,25000.00,Ba2491a,EconomyClass,Aterrizado
290,Gordon,Garcia,25000.00,Ba2491a,EconomyClass,Aterrizado
291,Chalmers,Miranda,10000.00,Ba2491a,EconomyClass,Aterrizado
292,Christiano,Bravo,50000.00,Ba2491a,EconomyClass,Aterrizado
293,Russell,Vera,50000.00,Ba2491a,EconomyClass,Aterrizado
294,Cleo,Molina,50000.00,Ba2491a,EconomyClass,Aterrizado
295,Catriona,Vega,42000.00,Tu6789b,ExecutiveClass,Aterrizado
296,Leigh,Campos,37000.00,Tu6789b,ExecutiveClass,Aterrizado
297,Ddene,Sandoval,12000.00,Tu6789b,ExecutiveClass,Aterrizado
298,Sayre,Orellana,18000.00,Tu6789b,EconomyClass,Aterrizado
299,Jody,Cardenas,33000.00,Tu6789b,EconomyClass,Aterrizado
300,Zabrina,Olivares,12000.00,Tu6789b,EconomyClass,Aterrizado
301,Cos,Alarcon,30000.00,Tu6789b,EconomyClass,Aterrizado
302,Ron,Gallardo,20000.00,Tu6789b,EconomyClass,Aterrizado
303,Charin,Ortiz,12000.00,Tu6789b,EconomyClass,Aterrizado
304,Coleman,Garrido,33000.00,Tu6789b,EconomyClass,Aterrizado
305,Jacinda,Salazar,50000.00,Tu6789b,EconomyClass,Aterrizado
306,Silvan,Guzman,12000.00,Tu6789b,EconomyClass,Aterrizado
307,Renie,Henriquez,33000.00,Tu6789b,EconomyClass,Aterrizado
308,Davide,Saavedra,42000.00,Tu6789b,EconomyClass,Aterrizado
309,Ernestus,Navarro,12000.00,Tu6789b,EconomyClass,Aterrizado
310,Brnaba,Aguilera,37000.00,Tu6789b,EconomyClass,Aterrizado
311,Tabor,Parra,37000.00,Tu6789b,EconomyClass,Aterrizado
312,Lenci,Romero,42000.00,Tu6789b,EconomyClass,Aterrizado
313,Franchot,Aravena,12000.00,Tu6789b,EconomyClass,Aterrizado
314,Charisse,Vargas,50000.00,Tu6789b,EconomyClass,Aterrizado
315,Timothea,Vazquez,20000.00,Tu6789b,EconomyClass,Aterrizado
316,Angelika,Caceres,50000.00,Ba2491a,EconomyClass,Aterrizado
317,Web,Yaniez,37000.00,Ba2491a,EconomyClass,Aterrizado
318,Urban,Leiva,10000.00,Ba2491a,EconomyClass,Aterrizado
319,Fan,Escobar,18000.00,Ba2491a,EconomyClass,Aterrizado
320,Donaugh,Ruiz,12000.00,Ba2491a,EconomyClass,Aterrizado
321,Wilona,Valdes,25000.00,Ba2491a,EconomyClass,Aterrizado
322,Richard,Vidal,42000.00,Ba2491a,EconomyClass,Aterrizado
323,Hilary,Salinas,37000.00,Ba2491a,EconomyClass,Aterrizado
324,Ad,Zuniiga,33000.00,Ba2491a,EconomyClass,Aterrizado
325,Maynord,Penia,42000.00,Ba2491a,EconomyClass,Aterrizado
326,Lina,Godoy,12000.00,Tu6789b,EconomyClass,Aterrizado
327,Nerty,Lagos,20000.00,Tu6789b,EconomyClass,Aterrizado
328,Matias,Maldonado,33000.00,Tu6789b,EconomyClass,Aterrizado
329,Urbano,Bustos,50000.00,Tu6789b,EconomyClass,Aterrizado
330,Rosemarie,Medina,33000.00,Tu6789b,EconomyClass,Aterrizado
331,Booth,Pino,15000.00,Tu6789b,EconomyClass,Aterrizado
332,Eden,Palma,18000.00,Tu6789b,EconomyClass,Aterrizado
333,Cornie,Moreno,15000.00,Tu6789b,EconomyClass,Aterrizado
334,Isak,Sanhueza,20000.00,Tu6789b,EconomyClass,Aterrizado
335,Rand,Carvajal,20000.00,Tu6789b,EconomyClass,Aterrizado
336,Dominique,Navarrete,37000.00,Tu6789b,EconomyClass,Aterrizado
337,Lira,Saez,30000.00,Tu6789b,EconomyClass,Aterrizado
338,Filbert,Alvarado,20000.00,Tu6789b,EconomyClass,Aterrizado
339,Nona,Donoso,30000.00,Tu6789b,EconomyClass,Aterrizado
340,Melloney,Poblete,33000.00,Tu6789b,EconomyClass,Aterrizado
341,Rafaello,Bustamante,37000.00,Tu6789b,EconomyClass,Aterrizado
342,Floria,Toro,12000.00,Tu6789b,EconomyClass,Aterrizado
343,Johannes,Ortega,18000.00,Tu6789b,EconomyClass,Aterrizado
344,Genevra,Venegas,10000.00,Tu6789b,EconomyClass,Aterrizado
345,Aldric,Guerrero,50000.00,Tu6789b,EconomyClass,Aterrizado
346,Janeta,Mendoza,10000.00,Tu6789b,EconomyClass,Aterrizado
347,Tarra,Farias,12000.00,Tu6789b,EconomyClass,Aterrizado
348,Jefferey,Martin,33000.00,Tu6789b,EconomyClass,Aterrizado
349,Cassie,Gonzalez,50000.00,Tu6789b,EconomyClass,Aterrizado
350,Maiga,Fernandez,20000.00,Tu6789b,EconomyClass,Aterrizado
351,Heddi,Rodriguez,20000.00,Tu6789b,EconomyClass,Aterrizado
352,Marieann,Lopez,50000.00,Tu6789b,EconomyClass,Aterrizado
353,Carita,Martinez,42000.00,Tu6789b,EconomyClass,Aterrizado
354,Kurtis,Sanchez,50000.00,Tu6789b,EconomyClass,Aterrizado
355,Wilfred,Perez,20000.00,Tu6789b,EconomyClass,Aterrizado
356,Isabelle,Gomez,20000.00,Tu6789b,EconomyClass,Aterrizado
357,Nisse,Martin,37000.00,Tu6789b,EconomyClass,Aterrizado
358,Ula,Jimenez,50000.00,Tu6789b,EconomyClass,Aterrizado
359,Tully,Ruiz,18000.00,Tu6789b,EconomyClass,Aterrizado
360,Honor,Hernandez,30000.00,Tu6789b,EconomyClass,Aterrizado
361,Sinclair,Diaz,50000.00,Tu6789b,EconomyClass,Aterrizado
362,Buddy,Moreno,50000.00,Tu6789b,EconomyClass,Aterrizado
363,Neilla,Alvarez,50000.00,Tu6789b,EconomyClass,Aterrizado
364,Junie,Munioz,20000.00,Tu6789b,EconomyClass,Aterrizado
365,Neely,Romero,20000.00,Tu6789b,EconomyClass,Aterrizado
366,Klarrisa,Alonso,18000.00,Tu6789b,EconomyClass,Aterrizado
367,Maryellen,Gutierrez,37000.00,Tu6789b,EconomyClass,Aterrizado
368,Clywd,Navarro,33000.00,Tu6789b,EconomyClass,Aterrizado
369,Deni,Torres,42000.00,Tu6789b,EconomyClass,Aterrizado
370,Ingrim,Dominguez,30000.00,Tu6789b,EconomyClass,Aterrizado
371,Franni,Vazquez,42000.00,Tu6789b,EconomyClass,Aterrizado
372,Andy,Ramos,37000.00,Tu6789b,EconomyClass,Aterrizado
373,Veronica,Gonzalez,42000.00,Tu6789b,EconomyClass,Aterrizado
374,Dalis,Munioz,42000.00,Tu6789b,EconomyClass,Aterrizado
375,Nanni,Rojas,25000.00,Ba2491a,EconomyClass,Aterrizado
376,Vikky,Diaz,15000.00,Ba2491a,EconomyClass,Aterrizado
377,Hussein,Perez,25000.00,Ba2491a,EconomyClass,Aterrizado
378,Brigg,Soto,10000.00,Ba2491a,EconomyClass,Aterrizado
379,Crawford,Contreras,12000.00,Ba2491a,EconomyClass,Aterrizado
380,Fran,Silva,30000.00,Ba2491a,EconomyClass,Aterrizado
381,Silas,Martinez,15000.00,Ba2491a,EconomyClass,Aterrizado
382,Alister,Sepulveda,33000.00,Ba2491a,EconomyClass,Aterrizado
383,George,Morales,15000.00,Tu6789b,EconomyClass,Aterrizado
384,Nonnah,Rodriguez,25000.00,Tu6789b,EconomyClass,Aterrizado
385,Gayel,Lopez,20000.00,Tu6789b,EconomyClass,Aterrizado
386,Demeter,Fuentes,10000.00,Tu6789b,EconomyClass,Aterrizado
387,Juliann,Hernandez,50000.00,Tu6789b,EconomyClass,Aterrizado
388,Shauna,Torres,25000.00,Tu6789b,EconomyClass,Aterrizado
389,Anna,Araya,42000.00,Tu6789b,EconomyClass,Aterrizado
390,Ag,Flores,50000.00,Tu6789b,EconomyClass,Aterrizado
391,Sherwin,Espinoza,50000.00,Mm0987b,ExecutiveClass,En horario
392,Vikki,Valenzuela,33000.00,Mm0987b,ExecutiveClass,En horario
393,Barret,Castillo,10000.00,Mm0987b,ExecutiveClass,En horario
394,Gaelan,Tapia,25000.00,Mm0987b,ExecutiveClass,En horario
395,Livy,Reyes,20000.00,Mm0987b,ExecutiveClass,En horario
396,Iorgos,Gutierrez,18000.00,Mm0987b,ExecutiveClass,En horario
397,Charil,Castro,33000.00,Mm0987b,ExecutiveClass,En horario
398,Easter,Pizarro,30000.00,Mm0987b,ExecutiveClass,En horario
399,Esdras,Alvarez,37000.00,Mm0987b,ExecutiveClass,En horario
400,Prince,Vasquez,25000.00,Mm0987b,EconomyClass,En horario
401,Vail,Sanchez,33000.00,Mm0987b,EconomyClass,En horario
402,Rachel,Fernandez,12000.00,Mm0987b,EconomyClass,En horario
403,Bar,Ramirez,20000.00,Tu6789b,EconomyClass,Aterrizado
404,Willa,Carrasco,30000.00,Tu6789b,EconomyClass,Aterrizado
405,Amerigo,Gomez,33000.00,Tu6789b,EconomyClass,Aterrizado
406,Fredric,Cortes,50000.00,Tu6789b,EconomyClass,Aterrizado
407,Mikael,Herrera,50000.00,Tu6789b,EconomyClass,Aterrizado
408,Benson,Nuniez,20000.00,Tu6789b,EconomyClass,Aterrizado
409,Sileas,Jara,20000.00,Tu6789b,EconomyClass,Aterrizado
410,Fidelia,Vergara,12000.00,Tu6789b,EconomyClass,Aterrizado
411,Frayda,Rivera,30000.00,Tu6789b,EconomyClass,Aterrizado
412,Babita,Figueroa,30000.00,Tu6789b,EconomyClass,Aterrizado
413,Clair,Riquelme,42000.00,Tu6789b,EconomyClass,Aterrizado
414,Morie,Garcia,12000.00,Tu6789b,EconomyClass,Aterrizado
415,Skylar,Miranda,20000.00,Tu6789b,EconomyClass,Aterrizado
416,Dennie,Bravo,42000.00,Tu6789b,EconomyClass,Aterrizado
417,Sibley,Vera,20000.00,Tu6789b,EconomyClass,Aterrizado
418,Addia,Molina,20000.00,Tu6789b,EconomyClass,Aterrizado
419,Ed,Vega,18000.00,Tu6789b,EconomyClass,Aterrizado
420,Lothaire,Campos,12000.00,Tu6789b,EconomyClass,Aterrizado
421,Neila,Sandoval,15000.00,Tu6789b,EconomyClass,Aterrizado
422,Jennifer,Orellana,15000.00,Gu2345f,FirstClass,En Vuelo
423,Keelby,Cardenas,15000.00,Gu2345f,FirstClass,En Vuelo
424,Chuck,Olivares,33000.00,Gu2345f,FirstClass,En Vuelo
425,Jordan,Alarcon,33000.00,Gu2345f,FirstClass,En Vuelo
426,Minnnie,Gallardo,20000.00,Gu2345f,FirstClass,En Vuelo
427,Carine,Ortiz,33000.00,Gu2345f,FirstClass,En Vuelo
428,Kelly,Garrido,37000.00,Gu2345f,FirstClass,En Vuelo
429,Coleman,Salazar,25000.00,Gu2345f,FirstClass,En Vuelo
430,Pincus,Guzman,42000.00,Gu2345f,FirstClass,En Vuelo
431,Smitty,Henriquez,15000.00,Gu2345f,FirstClass,En Vuelo
432,Wade,Saavedra,12000.00,Gu2345f,FirstClass,En Vuelo
433,Emmit,Navarro,12000.00,Gu2345f,FirstClass,En Vuelo
434,Brietta,Aguilera,42000.00,Gu2345f,FirstClass,En Vuelo
435,Wesley,Parra,10000.00,Gu2345f,FirstClass,En Vuelo
436,Felicdad,Romero,18000.00,Gu2345f,FirstClass,En Vuelo
437,Any,Aravena,18000.00,Gu2345f,FirstClass,En Vuelo
438,Gardie,Vargas,12000.00,Gu2345f,FirstClass,En Vuelo
439,Leelah,Vazquez,25000.00,Gu2345f,FirstClass,En Vuelo
440,Garold,Caceres,20000.00,Gu2345f,FirstClass,En Vuelo
441,Regine,Yaniez,10000.00,Gu2345f,FirstClass,En Vuelo
442,Tam,Leiva,20000.00,Gu2345f,ExecutiveClass,En Vuelo
443,Davon,Escobar,20000.00,Gu2345f,ExecutiveClass,En Vuelo
444,Chrissy,Ruiz,18000.00,Gu2345f,ExecutiveClass,En Vuelo
445,Ozzie,Valdes,20000.00,Gu2345f,ExecutiveClass,En Vuelo
446,Rina,Vidal,20000.00,Gu2345f,ExecutiveClass,En Vuelo
447,Guy,Salinas,42000.00,Gu2345f,ExecutiveClass,En Vuelo
448,Lenora,Zuniiga,18000.00,Gu2345f,ExecutiveClass,En Vuelo
449,Julietta,Penia,42000.00,Gu2345f,ExecutiveClass,En Vuelo
450,Alexandr,Godoy,18000.00,Gu2345f,ExecutiveClass,En Vuelo
451,Margalit,Lagos,15000.00,Gu2345f,ExecutiveClass,En Vuelo
452,Samara,Maldonado,50000.00,Gu2345f,ExecutiveClass,En Vuelo
453,Portie,Bustos,15000.00,Gu2345f,ExecutiveClass,En Vuelo
454,Korella,Medina,33000.00,Gu2345f,ExecutiveClass,En Vuelo
455,Hilly,Pino,30000.00,Gu2345f,ExecutiveClass,En Vuelo
456,Leeanne,Palma,10000.00,Gu2345f,ExecutiveClass,En Vuelo
457,Arnaldo,Moreno,10000.00,Gu2345f,ExecutiveClass,En Vuelo
458,Kassi,Sanhueza,37000.00,Gu2345f,ExecutiveClass,En Vuelo
459,Karen,Carvajal,20000.00,Gu2345f,ExecutiveClass,En Vuelo
460,Mac,Navarrete,20000.00,Gu2345f,ExecutiveClass,En Vuelo
461,Anthia,Saez,37000.00,Gu2345f,ExecutiveClass,En Vuelo
462,Marsiella,Alvarado,20000.00,Gu2345f,ExecutiveClass,En Vuelo
463,Shea,Donoso,12000.00,Gu2345f,ExecutiveClass,En Vuelo
464,Liana,Poblete,15000.00,Gu2345f,ExecutiveClass,En Vuelo
465,Carley,Bustamante,12000.00,Gu2345f,ExecutiveClass,En Vuelo
466,Carlye,Toro,37000.00,Gu2345f,ExecutiveClass,En Vuelo
467,Svend,Ortega,25000.00,Gu2345f,ExecutiveClass,En Vuelo
468,Kendell,Venegas,25000.00,Gu2345f,ExecutiveClass,En Vuelo
469,Chrisy,Guerrero,15000.00,Gu2345f,ExecutiveClass,En Vuelo
470,Rod,Mendoza,50000.00,Gu2345f,ExecutiveClass,En Vuelo
471,Ramsay,Farias,20000.00,Gu2345f,ExecutiveClass,En Vuelo
472,Saidee,Sanmartin,50000.00,Gu2345f,ExecutiveClass,En Vuelo
473,Erek,Gonzalez,10000.00,Gu2345f,ExecutiveClass,En Vuelo
474,Salomi,Fernandez,10000.00,Gu2345f,ExecutiveClass,En Vuelo
475,Coletta,Rodriguez,50000.00,Gu2345f,ExecutiveClass,En Vuelo
476,Abigael,Lopez,12000.00,Gu2345f,ExecutiveClass,En Vuelo
477,Mariele,Martinez,33000.00,Gu2345f,EconomyClass,En Vuelo
478,Brooke,Sanchez,20000.00,Gu2345f,EconomyClass,En Vuelo
479,Benita,Perez,25000.00,Gu2345f,EconomyClass,En Vuelo
480,Marissa,Gomez,37000.00,Gu2345f,EconomyClass,En Vuelo
481,Lionello,Martin,37000.00,Gu2345f,EconomyClass,En Vuelo
482,Tori,Jimenez,42000.00,Gu2345f,EconomyClass,En Vuelo
483,Micheil,Ruiz,37000.00,Gu2345f,EconomyClass,En Vuelo
484,Kym,Hernandez,20000.00,Gu2345f,EconomyClass,En Vuelo
485,Melisse,Diaz,10000.00,Gu2345f,EconomyClass,En Vuelo
486,Bartholomew,Moreno,33000.00,Gu2345f,EconomyClass,En Vuelo
487,Rorie,Alvarez,25000.00,Gu2345f,EconomyClass,En Vuelo
488,Hedvige,Munioz,37000.00,Gu2345f,EconomyClass,En Vuelo
489,Dorothea,Romero,15000.00,Gu2345f,EconomyClass,En Vuelo
490,Tamarah,Alonso,50000.00,Gu2345f,EconomyClass,En Vuelo
491,Skipton,Gutierrez,10000.00,Gu2345f,EconomyClass,En Vuelo
492,Minny,Navarro,33000.00,Gu2345f,EconomyClass,En Vuelo
493,Joshia,Torres,33000.00,Gu2345f,EconomyClass,En Vuelo
494,Mirilla,Dominguez,30000.00,Gu2345f,EconomyClass,En Vuelo
495,Willey,Vazquez,15000.00,Gu2345f,EconomyClass,En Vuelo
496,Conrado,Ramos,50000.00,Gu2345f,EconomyClass,En Vuelo
497,Fredia,Gonzalez,30000.00,Gu2345f,EconomyClass,En Vuelo
498,Gretchen,Munioz,12000.00,Gu2345f,EconomyClass,En Vuelo
499,Bibbie,Rojas,37000.00,Gu2345f,EconomyClass,En Vuelo
500,Warren,Diaz,25000.00,Gu2345f,EconomyClass,En Vuelo
501,Gabi,Perez,30000.00,Gu2345f,EconomyClass,En Vuelo
502,Callie,Soto,50000.00,Gu2345f,EconomyClass,En Vuelo
503,Patton,Contreras,15000.00,Gu2345f,EconomyClass,En Vuelo
504,Karie,Silva,25000.00,Gu2345f,EconomyClass,En Vuelo
505,Martguerita,Martinez,50000.00,Gu2345f,EconomyClass,En Vuelo
506,Lothaire,Sepulveda,20000.00,Gu2345f,EconomyClass,En Vuelo
507,Patrice,Morales,37000.00,Gu2345f,EconomyClass,En Vuelo
508,Lin,Rodriguez,12000.00,Mm0987b,EconomyClass,En horario
509,Cornie,Lopez,42000.00,Mm0987b,EconomyClass,En horario
510,Irena,Fuentes,20000.00,Mm0987b,EconomyClass,En horario
511,Markos,Hernandez,20000.00,Mm0987b,EconomyClass,En horario
512,Bird,Torres,18000.00,Mm0987b,EconomyClass,En horario
513,Lorna,Araya,42000.00,Mm0987b,EconomyClass,En horario
514,Vincents,Flores,25000.00,Mm0987b,EconomyClass,En horario
515,Torrey,Espinoza,42000.00,Gu2345f,EconomyClass,En Vuelo
516,Pernell,Valenzuela,50000.00,Gu2345f,EconomyClass,En Vuelo
517,Danya,Castillo,25000.00,Gu2345f,EconomyClass,En Vuelo
518,Erda,Tapia,37000.00,Gu2345f,EconomyClass,En Vuelo
519,Ethe,Reyes,20000.00,Gu2345f,EconomyClass,En Vuelo
520,Coop,Gutierrez,37000.00,Gu2345f,EconomyClass,En Vuelo
521,Sheridan,Castro,50000.00,Gu2345f,EconomyClass,En Vuelo
522,Charles,Pizarro,42000.00,Gu2345f,EconomyClass,En Vuelo
523,Eddy,Alvarez,12000.00,Gu2345f,EconomyClass,En Vuelo
524,Janey,Vasquez,42000.00,Gu2345f,EconomyClass,En Vuelo
525,Edan,Sanchez,20000.00,Gu2345f,EconomyClass,En Vuelo
526,Homer,Fernandez,10000.00,Gu2345f,EconomyClass,En Vuelo
527,Eveline,Ramirez,37000.00,Gu2345f,EconomyClass,En Vuelo
528,Helen,Carrasco,20000.00,Gu2345f,EconomyClass,En Vuelo
529,Daveta,Gomez,20000.00,Gu2345f,EconomyClass,En Vuelo
530,Mort,Cortes,42000.00,Gu2345f,EconomyClass,En Vuelo
531,Maxi,Herrera,37000.00,Gu2345f,EconomyClass,En Vuelo
532,Nathalie,Nuniez,37000.00,Gu2345f,EconomyClass,En Vuelo
533,Dennison,Jara,25000.00,Gu2345f,EconomyClass,En Vuelo
534,Bunnie,Vergara,33000.00,Gu2345f,EconomyClass,En Vuelo
535,Frans,Rivera,33000.00,Ba2491a,EconomyClass,Aterrizado
536,Delmar,Figueroa,42000.00,Ba2491a,EconomyClass,Aterrizado
537,Ced,Riquelme,20000.00,Ba2491a,EconomyClass,Aterrizado
538,Caren,Garcia,12000.00,Ba2491a,EconomyClass,Aterrizado
539,Christie,Miranda,18000.00,Ba2491a,EconomyClass,Aterrizado
540,Saunders,Bravo,25000.00,Ba2491a,EconomyClass,Aterrizado
541,Deny,Vera,18000.00,Gu2345f,EconomyClass,En Vuelo
542,Gene,Molina,15000.00,Gu2345f,EconomyClass,En Vuelo
543,Margeaux,Vega,18000.00,Gu2345f,EconomyClass,En Vuelo
544,Prisca,Campos,18000.00,Gu2345f,EconomyClass,En Vuelo
545,Domini,Sandoval,18000.00,Gu2345f,EconomyClass,En Vuelo
546,Henrie,Orellana,50000.00,Gu2345f,EconomyClass,En Vuelo
547,Marj,Cardenas,18000.00,Gu2345f,EconomyClass,En Vuelo
548,Mab,Olivares,25000.00,Gu2345f,EconomyClass,En Vuelo
549,Josiah,Alarcon,12000.00,Gu2345f,EconomyClass,En Vuelo
550,Mathe,Gallardo,12000.00,Gu2345f,EconomyClass,En Vuelo
551,Gauthier,Ortiz,12000.00,Gu2345f,EconomyClass,En Vuelo
552,Delmore,Garrido,33000.00,Gu2345f,EconomyClass,En Vuelo
553,Lynett,Salazar,37000.00,Gu2345f,EconomyClass,En Vuelo
554,Lucais,Guzman,42000.00,Gu2345f,EconomyClass,En Vuelo
555,Clarice,Henriquez,33000.00,Gu2345f,EconomyClass,En Vuelo
556,Aeriela,Saavedra,37000.00,Gu2345f,EconomyClass,En Vuelo
557,Babbie,Navarro,15000.00,Gu2345f,EconomyClass,En Vuelo
558,Caren,Aguilera,15000.00,Gu2345f,EconomyClass,En Vuelo
559,Jessamine,Parra,18000.00,Gu2345f,EconomyClass,En Vuelo
560,Hesther,Romero,15000.00,Gu2345f,EconomyClass,En Vuelo
561,Sasha,Aravena,15000.00,Gu2345f,EconomyClass,En Vuelo
562,Erica,Vargas,10000.00,Gu2345f,EconomyClass,En Vuelo
563,Keith,Vazquez,10000.00,Gu2345f,EconomyClass,En Vuelo
564,Briney,Caceres,12000.00,Gu2345f,EconomyClass,En Vuelo
565,Rutherford,Yaniez,15000.00,Gu2345f,EconomyClass,En Vuelo
566,Lemmie,Leiva,18000.00,Gu2345f,EconomyClass,En Vuelo
567,Dur,Escobar,25000.00,Gu2345f,EconomyClass,En Vuelo
568,Modesta,Ruiz,33000.00,Gu2345f,EconomyClass,En Vuelo
569,Carter,Valdes,33000.00,Gu2345f,EconomyClass,En Vuelo
570,Retha,Vidal,15000.00,Gu2345f,EconomyClass,En Vuelo
571,Carma,Salinas,33000.00,Gu2345f,EconomyClass,En Vuelo
572,Antonella,Zuniiga,15000.00,Gu2345f,EconomyClass,En Vuelo
573,Sutherlan,Penia,10000.00,Gu2345f,EconomyClass,En Vuelo
574,Phillipe,Godoy,37000.00,Gu2345f,EconomyClass,En Vuelo
575,Florida,Lagos,37000.00,Hy4567d,FirstClass,Demorado
576,Corrina,Maldonado,15000.00,Hy4567d,FirstClass,Demorado
577,Adrianne,Bustos,10000.00,Hy4567d,FirstClass,Demorado
578,Scarlett,Medina,20000.00,Hy4567d,FirstClass,Demorado
579,Shel,Pino,25000.00,Hy4567d,FirstClass,Demorado
580,Delaney,Palma,50000.00,Hy4567d,FirstClass,Demorado
581,Tiphani,Moreno,33000.00,Hy4567d,FirstClass,Demorado
582,Grier,Sanhueza,42000.00,Hy4567d,FirstClass,Demorado
583,Annabell,Carvajal,15000.00,Hy4567d,FirstClass,Demorado
584,Basil,Navarrete,12000.00,Hy4567d,FirstClass,Demorado
585,Horatius,Saez,18000.00,Hy4567d,FirstClass,Demorado
586,Umeko,Alvarado,30000.00,Hy4567d,FirstClass,Demorado
587,Hayes,Donoso,10000.00,Hy4567d,FirstClass,Demorado
588,Lynnette,Poblete,37000.00,Hy4567d,FirstClass,Demorado
589,Hesther,Bustamante,33000.00,Hy4567d,FirstClass,Demorado
590,Trumaine,Toro,15000.00,Hy4567d,FirstClass,Demorado
591,Emlyn,Ortega,50000.00,Hy4567d,FirstClass,Demorado
592,Corabelle,Venegas,37000.00,Hy4567d,FirstClass,Demorado
593,Vic,Guerrero,25000.00,Hy4567d,FirstClass,Demorado
594,Cyndia,Mendoza,33000.00,Hy4567d,FirstClass,Demorado
595,Gray,Farias,42000.00,Hy4567d,FirstClass,Demorado
596,Dylan,Sanmartin,30000.00,Hy4567d,FirstClass,Demorado
597,Isabelle,Gonzalez,20000.00,Hy4567d,FirstClass,Demorado
598,Eachelle,Fernandez,37000.00,Hy4567d,FirstClass,Demorado
599,Howard,Rodriguez,18000.00,Hy4567d,FirstClass,Demorado
600,Cornall,Lopez,18000.00,Hy4567d,FirstClass,Demorado
601,Emmalee,Martinez,18000.00,Hy4567d,FirstClass,Demorado
602,Brian,Sanchez,20000.00,Hy4567d,FirstClass,Demorado
603,Cahra,Perez,50000.00,Hy4567d,ExecutiveClass,Demorado
604,Arvin,Gomez,50000.00,Hy4567d,ExecutiveClass,Demorado
605,Minda,Martin,15000.00,Hy4567d,ExecutiveClass,Demorado
606,Dedie,Jimenez,33000.00,Hy4567d,ExecutiveClass,Demorado
607,Lydia,Ruiz,15000.00,Hy4567d,ExecutiveClass,Demorado
608,Joshia,Hernandez,25000.00,Hy4567d,ExecutiveClass,Demorado
609,Bernita,Diaz,15000.00,Hy4567d,ExecutiveClass,Demorado
610,Sayre,Moreno,33000.00,Hy4567d,ExecutiveClass,Demorado
611,Pearla,Alvarez,20000.00,Hy4567d,ExecutiveClass,Demorado
612,Fidole,Munioz,30000.00,Hy4567d,ExecutiveClass,Demorado
613,Evin,Romero,12000.00,Hy4567d,ExecutiveClass,Demorado
614,Fredia,Alonso,20000.00,Hy4567d,ExecutiveClass,Demorado
615,Idalina,Gutierrez,50000.00,Hy4567d,ExecutiveClass,Demorado
616,Hetti,Navarro,30000.00,Hy4567d,ExecutiveClass,Demorado
617,Kirk,Torres,30000.00,Hy4567d,ExecutiveClass,Demorado
618,Orson,Dominguez,25000.00,Hy4567d,ExecutiveClass,Demorado
619,Lyndsay,Vazquez,42000.00,Hy4567d,ExecutiveClass,Demorado
620,Lissy,Ramos,37000.00,Hy4567d,ExecutiveClass,Demorado
621,Odessa,Gonzalez,50000.00,Hy4567d,ExecutiveClass,Demorado
622,Hestia,Munioz,18000.00,Hy4567d,ExecutiveClass,Demorado
623,Dorotea,Rojas,10000.00,Hy4567d,ExecutiveClass,Demorado
624,Giraud,Diaz,15000.00,Hy4567d,ExecutiveClass,Demorado
625,Tonya,Perez,37000.00,Hy4567d,ExecutiveClass,Demorado
626,Menard,Soto,37000.00,Hy4567d,ExecutiveClass,Demorado
627,Nicola,Contreras,12000.00,Hy4567d,ExecutiveClass,Demorado
628,Maddy,Silva,25000.00,Hy4567d,ExecutiveClass,Demorado
629,Mace,Martinez,18000.00,Hy4567d,ExecutiveClass,Demorado
630,Lyndy,Sepulveda,37000.00,Hy4567d,ExecutiveClass,Demorado
631,Ivonne,Morales,20000.00,Hy4567d,ExecutiveClass,Demorado
632,Josepha,Rodriguez,20000.00,Hy4567d,EconomyClass,Demorado
633,Shandra,Lopez,50000.00,Hy4567d,EconomyClass,Demorado
634,Viva,Fuentes,25000.00,Hy4567d,EconomyClass,Demorado
635,Sherwin,Hernandez,10000.00,Hy4567d,EconomyClass,Demorado
636,Abigail,Torres,18000.00,Hy4567d,EconomyClass,Demorado
637,Rosalia,Araya,18000.00,Hy4567d,EconomyClass,Demorado
638,Merissa,Flores,25000.00,Hy4567d,EconomyClass,Demorado
639,Marylee,Espinoza,50000.00,Hy4567d,EconomyClass,Demorado
640,Wolfy,Valenzuela,33000.00,Hy4567d,EconomyClass,Demorado
641,Maia,Castillo,10000.00,Hy4567d,EconomyClass,Demorado
642,Elinor,Tapia,33000.00,Hy4567d,EconomyClass,Demorado
643,Neron,Reyes,42000.00,Hy4567d,EconomyClass,Demorado
644,Malachi,Gutierrez,25000.00,Hy4567d,EconomyClass,Demorado
645,Sarajane,Castro,10000.00,Hy4567d,EconomyClass,Demorado
646,Arlie,Pizarro,42000.00,Hy4567d,EconomyClass,Demorado
647,Felike,Alvarez,12000.00,Hy4567d,EconomyClass,Demorado
648,Ethan,Vasquez,12000.00,Hy4567d,EconomyClass,Demorado
649,Ruthy,Sanchez,20000.00,Hy4567d,EconomyClass,Demorado
650,Hugo,Fernandez,30000.00,Hy4567d,EconomyClass,Demorado
651,Thorndike,Ramirez,10000.00,Hy4567d,EconomyClass,Demorado
652,Cesaro,Carrasco,30000.00,Hy4567d,EconomyClass,Demorado
653,Harmonia,Gomez,12000.00,Hy4567d,EconomyClass,Demorado
654,Damara,Cortes,12000.00,Hy4567d,EconomyClass,Demorado
655,Maddy,Herrera,25000.00,Hy4567d,EconomyClass,Demorado
656,Filmer,Nuniez,50000.00,Hy4567d,EconomyClass,Demorado
657,Boothe,Jara,12000.00,Hy4567d,EconomyClass,Demorado
658,Dorrie,Vergara,42000.00,Hy4567d,EconomyClass,Demorado
659,Willdon,Rivera,10000.00,Hy4567d,EconomyClass,Demorado
660,Cindi,Figueroa,12000.00,Hy4567d,EconomyClass,Demorado
661,Shermie,Riquelme,12000.00,Hy4567d,EconomyClass,Demorado
662,Byrom,Garcia,42000.00,Hy4567d,EconomyClass,Demorado
663,Millie,Miranda,15000.00,Hy4567d,EconomyClass,Demorado
664,Natassia,Bravo,42000.00,Hy4567d,EconomyClass,Demorado
665,Wheeler,Vera,25000.00,Hy4567d,EconomyClass,Demorado
666,Caritta,Molina,12000.00,Hy4567d,EconomyClass,Demorado
667,Kennan,Vega,12000.00,Hy4567d,EconomyClass,Demorado
668,Katina,Campos,20000.00,Hy4567d,EconomyClass,Demorado
669,Beverlee,Sandoval,25000.00,Hy4567d,EconomyClass,Demorado
670,Arlette,Orellana,30000.00,Hy4567d,EconomyClass,Demorado
671,Jacqueline,Cardenas,50000.00,Hy4567d,EconomyClass,Demorado
672,Sheila,Olivares,10000.00,Hy4567d,EconomyClass,Demorado
673,Lambert,Alarcon,42000.00,Hy4567d,EconomyClass,Demorado
674,Lamont,Gallardo,33000.00,Hy4567d,EconomyClass,Demorado
675,Immanuel,Ortiz,33000.00,Hy4567d,EconomyClass,Demorado
676,Nani,Garrido,50000.00,Hy4567d,EconomyClass,Demorado
677,Galen,Salazar,50000.00,Hy4567d,EconomyClass,Demorado
678,Nilson,Guzman,10000.00,Hy4567d,EconomyClass,Demorado
679,Tomi,Henriquez,50000.00,Hy4567d,EconomyClass,Demorado
680,Flore,Saavedra,30000.00,Hy4567d,EconomyClass,Demorado
681,Burgess,Navarro,12000.00,Hy4567d,EconomyClass,Demorado
682,Tally,Aguilera,42000.00,Hy4567d,EconomyClass,Demorado
683,Jaquenette,Parra,25000.00,Hy4567d,EconomyClass,Demorado
684,Sly,Romero,42000.00,Hy4567d,EconomyClass,Demorado
685,Yul,Aravena,30000.00,Hy4567d,EconomyClass,Demorado
686,Rosalyn,Vargas,37000.00,Hy4567d,EconomyClass,Demorado
687,Devondra,Vazquez,10000.00,Hy4567d,EconomyClass,Demorado
688,Xenos,Caceres,37000.00,Hy4567d,EconomyClass,Demorado
689,Terrence,Yaniez,42000.00,Hy4567d,EconomyClass,Demorado
690,Krystyna,Leiva,50000.00,Hy4567d,EconomyClass,Demorado
691,Krishna,Escobar,50000.00,Hy4567d,EconomyClass,Demorado
692,Zorina,Ruiz,18000.00,Hy4567d,EconomyClass,Demorado
693,Baxy,Valdes,20000.00,Hy4567d,EconomyClass,Demorado
694,Terrie,Vidal,42000.00,Hy4567d,EconomyClass,Demorado
695,Justino,Salinas,18000.00,Hy4567d,EconomyClass,Demorado
696,Erhard,Zuniiga,33000.00,Hy4567d,EconomyClass,Demorado
697,Robbie,Penia,30000.00,Hy4567d,EconomyClass,Demorado
698,Paddie,Godoy,33000.00,Hy4567d,EconomyClass,Demorado
699,Evelyn,Lagos,10000.00,Hy4567d,EconomyClass,Demorado
700,Abbot,Maldonado,33000.00,Hy4567d,EconomyClass,Demorado
701,Tedra,Bustos,33000.00,Hy4567d,EconomyClass,Demorado
702,Rikki,Medina,12000.00,Hy4567d,EconomyClass,Demorado
703,Alverta,Pino,25000.00,Hy4567d,EconomyClass,Demorado
704,Pauly,Palma,30000.00,Hy4567d,EconomyClass,Demorado
705,Ariella,Moreno,12000.00,Hy4567d,EconomyClass,Demorado
706,Lia,Sanhueza,20000.00,Hy4567d,EconomyClass,Demorado
707,Petronille,Carvajal,42000.00,Hy4567d,EconomyClass,Demorado
708,Merle,Navarrete,10000.00,Hy4567d,EconomyClass,Demorado
709,Hagan,Saez,50000.00,Hy4567d,EconomyClass,Demorado
710,Nikolaus,Alvarado,30000.00,Hy4567d,EconomyClass,Demorado
711,Cinda,Donoso,42000.00,Hy4567d,EconomyClass,Demorado
712,Matelda,Poblete,18000.00,Hy4567d,EconomyClass,Demorado
713,Roslyn,Bustamante,25000.00,Hy4567d,EconomyClass,Demorado
714,Jerrylee,Toro,10000.00,Hy4567d,EconomyClass,Demorado
715,Lucky,Ortega,42000.00,Ib0800a,EconomyClass,Aterrizado
716,Elita,Venegas,18000.00,Ib0800a,EconomyClass,Aterrizado
717,Hyacinthia,Guerrero,25000.00,Ib0800a,EconomyClass,Aterrizado
718,Fina,Mendoza,42000.00,Ib0800a,EconomyClass,Aterrizado
719,Kamila,Farias,42000.00,Ib0800a,EconomyClass,Aterrizado
720,Jennie,Sanmartin,42000.00,Ib0800a,EconomyClass,Aterrizado
721,Riobard,Gonzalez,42000.00,Ib0800a,EconomyClass,Aterrizado
722,Joannes,Fernandez,10000.00,Ib0800a,EconomyClass,Aterrizado
723,Darlene,Rodriguez,42000.00,Ib0800a,EconomyClass,Aterrizado
724,Zia,Lopez,42000.00,Ib0800a,EconomyClass,Aterrizado
725,Cristina,Martinez,15000.00,Ib0800a,EconomyClass,Aterrizado
726,Jonathon,Sanchez,50000.00,Ib0800a,EconomyClass,Aterrizado
727,Rickie,Perez,42000.00,Ib0800a,EconomyClass,Aterrizado
728,Klara,Gomez,50000.00,Ib0800a,EconomyClass,Aterrizado
729,Osbert,Martin,33000.00,Ib0800a,EconomyClass,Aterrizado
730,Emmet,Jimenez,37000.00,Ib0800a,EconomyClass,Aterrizado
731,Cassandry,Ruiz,33000.00,Ib0800a,EconomyClass,Aterrizado
732,Enrica,Hernandez,18000.00,Ib0800a,EconomyClass,Aterrizado
733,Evvy,Diaz,42000.00,Ib0800a,EconomyClass,Aterrizado
734,Silas,Moreno,20000.00,Ib0800a,EconomyClass,Aterrizado
735,Kaia,Alvarez,25000.00,Ib0800a,EconomyClass,Aterrizado
736,Arvie,Munioz,15000.00,Ib0800a,EconomyClass,Aterrizado
737,Keith,Romero,20000.00,Fr5678g,FirstClass,En horario
738,Silvie,Alonso,12000.00,Fr5678g,FirstClass,En horario
739,Winnifred,Gutierrez,10000.00,Fr5678g,FirstClass,En horario
740,Chen,Navarro,37000.00,Fr5678g,FirstClass,En horario
741,Carleton,Torres,15000.00,Fr5678g,FirstClass,En horario
742,Silvano,Dominguez,12000.00,Fr5678g,FirstClass,En horario
743,Pancho,Vazquez,18000.00,Fr5678g,FirstClass,En horario
744,Melonie,Ramos,33000.00,Fr5678g,FirstClass,En horario
745,Gordon,Gonzalez,12000.00,Fr5678g,FirstClass,En horario
746,Rosemarie,Munioz,10000.00,Fr5678g,FirstClass,En horario
747,Graehme,Rojas,18000.00,Fr5678g,FirstClass,En horario
748,Mitchael,Diaz,33000.00,Fr5678g,FirstClass,En horario
749,Carola,Perez,10000.00,Fr5678g,FirstClass,En horario
750,Zsa,Soto,20000.00,Fr5678g,FirstClass,En horario
751,Jude,Contreras,12000.00,Fr5678g,FirstClass,En horario
752,Arch,Silva,33000.00,Fr5678g,FirstClass,En horario
753,Andrej,Martinez,50000.00,Fr5678g,FirstClass,En horario
754,Amber,Sepulveda,42000.00,Fr5678g,FirstClass,En horario
755,Dorian,Morales,15000.00,Fr5678g,FirstClass,En horario
756,Kaitlynn,Rodriguez,15000.00,Fr5678g,FirstClass,En horario
757,Kerianne,Lopez,37000.00,Fr5678g,FirstClass,En horario
758,Boycie,Fuentes,18000.00,Fr5678g,FirstClass,En horario
759,Nanete,Hernandez,37000.00,Fr5678g,FirstClass,En horario
760,Sidonia,Torres,10000.00,Fr5678g,FirstClass,En horario
761,Galvan,Araya,33000.00,Fr5678g,FirstClass,En horario
762,Lucienne,Flores,25000.00,Fr5678g,FirstClass,En horario
763,Davidson,Espinoza,37000.00,Fr5678g,FirstClass,En horario
764,Roslyn,Valenzuela,10000.00,Fr5678g,FirstClass,En horario
765,Jenny,Castillo,33000.00,Fr5678g,ExecutiveClass,En horario
766,Toby,Tapia,20000.00,Fr5678g,ExecutiveClass,En horario
767,Brynne,Reyes,18000.00,Fr5678g,ExecutiveClass,En horario
768,Blakeley,Gutierrez,18000.00,Fr5678g,ExecutiveClass,En horario
769,Egan,Castro,10000.00,Fr5678g,ExecutiveClass,En horario
770,Barbey,Pizarro,20000.00,Fr5678g,ExecutiveClass,En horario
771,Portia,Alvarez,33000.00,Fr5678g,ExecutiveClass,En horario
772,Alica,Vasquez,37000.00,Fr5678g,ExecutiveClass,En horario
773,Juliana,Sanchez,50000.00,Fr5678g,ExecutiveClass,En horario
774,Barde,Fernandez,18000.00,Fr5678g,ExecutiveClass,En horario
775,Wilie,Ramirez,30000.00,Fr5678g,ExecutiveClass,En horario
776,Letta,Carrasco,10000.00,Fr5678g,ExecutiveClass,En horario
777,Ree,Gomez,42000.00,Fr5678g,ExecutiveClass,En horario
778,Ingmar,Cortes,18000.00,Fr5678g,ExecutiveClass,En horario
779,Melva,Herrera,42000.00,Fr5678g,ExecutiveClass,En horario
780,Tootsie,Nuniez,25000.00,Fr5678g,ExecutiveClass,En horario
781,Felike,Jara,33000.00,Fr5678g,ExecutiveClass,En horario
782,Laughton,Vergara,15000.00,Fr5678g,ExecutiveClass,En horario
783,Crosby,Rivera,12000.00,Fr5678g,ExecutiveClass,En horario
784,Marianne,Figueroa,33000.00,Fr5678g,ExecutiveClass,En horario
785,Francine,Riquelme,42000.00,Fr5678g,ExecutiveClass,En horario
786,Edan,Garcia,50000.00,Fr5678g,ExecutiveClass,En horario
787,Fayre,Miranda,18000.00,Fr5678g,ExecutiveClass,En horario
788,Adelaida,Bravo,37000.00,Fr5678g,ExecutiveClass,En horario
789,Florella,Vera,25000.00,Fr5678g,ExecutiveClass,En horario
790,Noll,Molina,30000.00,Fr5678g,ExecutiveClass,En horario
791,Ki,Vega,42000.00,Fr5678g,ExecutiveClass,En horario
792,Jermayne,Campos,33000.00,Fr5678g,ExecutiveClass,En horario
793,Grayce,Sandoval,33000.00,Fr5678g,ExecutiveClass,En horario
794,Harv,Orellana,42000.00,Fr5678g,ExecutiveClass,En horario
795,Lorianna,Cardenas,15000.00,Fr5678g,ExecutiveClass,En horario
796,Hersh,Olivares,33000.00,Fr5678g,ExecutiveClass,En horario
797,Diahann,Alarcon,33000.00,Fr5678g,ExecutiveClass,En horario
798,Yelena,Gallardo,50000.00,Fr5678g,ExecutiveClass,En horario
799,Emmaline,Ortiz,37000.00,Fr5678g,ExecutiveClass,En horario
800,Daffi,Garrido,12000.00,Fr5678g,ExecutiveClass,En horario
801,Janine,Salazar,50000.00,Fr5678g,ExecutiveClass,En horario
802,Sheilah,Guzman,42000.00,Fr5678g,ExecutiveClass,En horario
803,Lazaro,Henriquez,10000.00,Fr5678g,ExecutiveClass,En horario
804,Earle,Saavedra,30000.00,Fr5678g,ExecutiveClass,En horario
805,Fred,Navarro,25000.00,Fr5678g,EconomyClass,En horario
806,Almira,Aguilera,42000.00,Fr5678g,EconomyClass,En horario
807,Wini,Parra,37000.00,Fr5678g,EconomyClass,En horario
808,Emanuel,Romero,30000.00,Fr5678g,EconomyClass,En horario
809,Obadias,Aravena,10000.00,Fr5678g,EconomyClass,En horario
810,Efrem,Vargas,20000.00,Fr5678g,EconomyClass,En horario
811,Susi,Vazquez,18000.00,Fr5678g,EconomyClass,En horario
812,Maxy,Caceres,15000.00,Fr5678g,EconomyClass,En horario
813,Agnes,Yaniez,42000.00,Fr5678g,EconomyClass,En horario
814,Obadiah,Leiva,12000.00,Fr5678g,EconomyClass,En horario
815,Lefty,Escobar,50000.00,Fr5678g,EconomyClass,En horario
816,Michele,Ruiz,42000.00,Fr5678g,EconomyClass,En horario
817,Cynthia,Valdes,25000.00,Fr5678g,EconomyClass,En horario
818,Hyatt,Vidal,20000.00,Fr5678g,EconomyClass,En horario
819,Roch,Salinas,33000.00,Fr5678g,EconomyClass,En horario
820,Mag,Zuniiga,12000.00,Fr5678g,EconomyClass,En horario
821,Trevor,Penia,10000.00,Fr5678g,EconomyClass,En horario
822,Jefferey,Godoy,10000.00,Fr5678g,EconomyClass,En horario
823,Tania,Lagos,42000.00,Fr5678g,EconomyClass,En horario
824,Mercie,Maldonado,42000.00,Fr5678g,EconomyClass,En horario
825,Andrei,Bustos,10000.00,Fr5678g,EconomyClass,En horario
826,Yetta,Medina,25000.00,Fr5678g,EconomyClass,En horario
827,Angeli,Pino,20000.00,Fr5678g,EconomyClass,En horario
828,Norbert,Palma,20000.00,Fr5678g,EconomyClass,En horario
829,Conan,Moreno,20000.00,Fr5678g,EconomyClass,En horario
830,Cale,Sanhueza,50000.00,Fr5678g,EconomyClass,En horario
831,Christina,Carvajal,37000.00,Fr5678g,EconomyClass,En horario
832,Olivier,Navarrete,20000.00,Fr5678g,EconomyClass,En horario
833,Oby,Saez,12000.00,Fr5678g,EconomyClass,En horario
834,Chad,Alvarado,15000.00,Fr5678g,EconomyClass,En horario
835,Adelle,Donoso,10000.00,Fr5678g,EconomyClass,En horario
836,Keene,Poblete,25000.00,Fr5678g,EconomyClass,En horario
837,Corrina,Bustamante,50000.00,Fr5678g,EconomyClass,En horario
838,Hashim,Toro,50000.00,Fr5678g,EconomyClass,En horario
839,Oralia,Ortega,10000.00,Fr5678g,EconomyClass,En horario
840,Wadsworth,Venegas,30000.00,Fr5678g,EconomyClass,En horario
841,Shelley,Guerrero,15000.00,Fr5678g,EconomyClass,En horario
842,Irv,Mendoza,15000.00,Fr5678g,EconomyClass,En horario
843,Grant,Farias,33000.00,Fr5678g,EconomyClass,En horario
844,Bella,Martin,18000.00,Fr5678g,EconomyClass,En horario
845,Yardley,Gonzalez,50000.00,Fr5678g,EconomyClass,En horario
846,Brendin,Fernandez,10000.00,Fr5678g,EconomyClass,En horario
847,Estella,Rodriguez,42000.00,Fr5678g,EconomyClass,En horario
848,Rasia,Lopez,37000.00,Fr5678g,EconomyClass,En horario
849,Gibb,Martinez,20000.00,Fr5678g,EconomyClass,En horario
850,Amanda,Sanchez,37000.00,Fr5678g,EconomyClass,En horario
851,Sidoney,Perez,20000.00,Fr5678g,EconomyClass,En horario
852,Giacopo,Gomez,18000.00,Fr5678g,EconomyClass,En horario
853,Eve,Martin,12000.00,Fr5678g,EconomyClass,En horario
854,Levon,Jimenez,25000.00,Fr5678g,EconomyClass,En horario
855,Vassili,Ruiz,33000.00,Fr5678g,EconomyClass,En horario
856,Henrieta,Hernandez,30000.00,Fr5678g,EconomyClass,En horario
857,Devlen,Diaz,37000.00,Fr5678g,EconomyClass,En horario
858,Ophelie,Moreno,37000.00,Fr5678g,EconomyClass,En horario
859,Abramo,Alvarez,37000.00,Fr5678g,EconomyClass,En horario
860,Fair,Munioz,37000.00,Fr5678g,EconomyClass,En horario
861,Pietrek,Romero,25000.00,Fr5678g,EconomyClass,En horario
862,Holden,Alonso,50000.00,Fr5678g,EconomyClass,En horario
863,Cherish,Gutierrez,42000.00,Fr5678g,EconomyClass,En horario
864,Alonzo,Navarro,12000.00,Fr5678g,EconomyClass,En horario
865,Devonna,Torres,18000.00,Fr5678g,EconomyClass,En horario
866,Rubi,Dominguez,18000.00,Fr5678g,EconomyClass,En horario
867,Emmanuel,Vazquez,30000.00,Fr5678g,EconomyClass,En horario
868,Trumaine,Ramos,42000.00,Fr5678g,EconomyClass,En horario
869,Malory,Gonzalez,42000.00,Fr5678g,EconomyClass,En horario
870,Pearla,Munioz,33000.00,Fr5678g,EconomyClass,En horario
871,Phelia,Rojas,33000.00,Fr5678g,EconomyClass,En horario
872,Madonna,Diaz,10000.00,Fr5678g,EconomyClass,En horario
873,Thomasa,Perez,18000.00,Fr5678g,EconomyClass,En horario
874,Estella,Soto,20000.00,Fr5678g,EconomyClass,En horario
875,Saw,Contreras,15000.00,Fr5678g,EconomyClass,En horario
876,Cecil,Silva,37000.00,Fr5678g,EconomyClass,En horario
877,Mac,Martinez,25000.00,Fr5678g,EconomyClass,En horario
878,Ralf,Sepulveda,12000.00,Fr5678g,EconomyClass,En horario
879,Barbey,Morales,12000.00,Fr5678g,EconomyClass,En horario
880,Josi,Rodriguez,18000.00,Fr5678g,EconomyClass,En horario
881,Kenna,Lopez,25000.00,Fr5678g,EconomyClass,En horario
882,Rina,Fuentes,25000.00,Fr5678g,EconomyClass,En horario
883,Callida,Hernandez,33000.00,Fr5678g,EconomyClass,En horario
884,Lona,Torres,30000.00,Fr5678g,EconomyClass,En horario
885,Jan,Araya,18000.00,Fr5678g,EconomyClass,En horario
886,Bailey,Flores,30000.00,Fr5678g,EconomyClass,En horario
887,Guillermo,Espinoza,42000.00,Fr5678g,EconomyClass,En horario
888,Katlin,Valenzuela,25000.00,Fr5678g,EconomyClass,En horario
889,Flo,Castillo,42000.00,Fr5678g,EconomyClass,En horario
890,Madel,Tapia,12000.00,Fr5678g,EconomyClass,En horario
891,Conant,Reyes,37000.00,Fr5678g,EconomyClass,En horario
892,Devland,Gutierrez,10000.00,Fr5678g,EconomyClass,En horario
893,Annamarie,Castro,20000.00,Fr5678g,EconomyClass,En horario
894,Gabbie,Pizarro,42000.00,Fr5678g,EconomyClass,En horario
895,Frasquito,Alvarez,15000.00,Fr5678g,EconomyClass,En horario
896,Oberon,Vasquez,15000.00,Fr5678g,EconomyClass,En horario
897,Gabriell,Sanchez,10000.00,Fr5678g,EconomyClass,En horario
898,Ki,Fernandez,30000.00,Br3456j,FirstClass,Demorado
899,Martelle,Ramirez,15000.00,Br3456j,FirstClass,Demorado
900,Riccardo,Carrasco,42000.00,Br3456j,FirstClass,Demorado
901,Shaughn,Gomez,50000.00,Br3456j,FirstClass,Demorado
902,Coral,Cortes,18000.00,Br3456j,FirstClass,Demorado
903,Judas,Herrera,10000.00,Br3456j,FirstClass,Demorado
904,Josiah,Nuniez,12000.00,Br3456j,FirstClass,Demorado
905,Freda,Jara,42000.00,Br3456j,FirstClass,Demorado
906,Lynn,Vergara,37000.00,Br3456j,ExecutiveClass,Demorado
907,Tabb,Rivera,50000.00,Br3456j,ExecutiveClass,Demorado
908,Brittany,Figueroa,18000.00,Mm0987b,EconomyClass,En horario
909,Leo,Riquelme,42000.00,Mm0987b,EconomyClass,En horario
910,Atlante,Garcia,33000.00,Mm0987b,EconomyClass,En horario
911,Maurie,Miranda,50000.00,Mm0987b,EconomyClass,En horario
912,Oren,Bravo,20000.00,Mm0987b,EconomyClass,En horario
913,Anetta,Vera,10000.00,Mm0987b,EconomyClass,En horario
914,Curry,Molina,20000.00,Mm0987b,EconomyClass,En horario
915,Tyrone,Vega,15000.00,Mm0987b,EconomyClass,En horario
916,Saunder,Campos,37000.00,Mm0987b,EconomyClass,En horario
917,Luis,Sandoval,12000.00,Mm0987b,EconomyClass,En horario
918,Alysia,Orellana,37000.00,Mm0987b,EconomyClass,En horario
919,Calypso,Cardenas,12000.00,Br3456j,ExecutiveClass,Demorado
920,Gretna,Olivares,42000.00,Br3456j,ExecutiveClass,Demorado
921,Odie,Alarcon,20000.00,Br3456j,ExecutiveClass,Demorado
922,Wenda,Gallardo,12000.00,Br3456j,ExecutiveClass,Demorado
923,Ezekiel,Ortiz,20000.00,Br3456j,ExecutiveClass,Demorado
924,Orlan,Garrido,25000.00,Br3456j,ExecutiveClass,Demorado
925,Wittie,Salazar,37000.00,Br3456j,ExecutiveClass,Demorado
926,Abbie,Guzman,18000.00,Br3456j,EconomyClass,Demorado
927,Robinia,Henriquez,10000.00,Br3456j,EconomyClass,Demorado
928,Hayden,Saavedra,30000.00,Br3456j,EconomyClass,Demorado
929,Melody,Navarro,20000.00,Br3456j,EconomyClass,Demorado
930,Emory,Aguilera,37000.00,Br3456j,EconomyClass,Demorado
931,Callie,Parra,10000.00,Br3456j,EconomyClass,Demorado
932,Debby,Romero,18000.00,Ib0800a,EconomyClass,Aterrizado
933,Gui,Aravena,20000.00,Ib0800a,EconomyClass,Aterrizado
934,Dorette,Vargas,37000.00,Ib0800a,EconomyClass,Aterrizado
935,Jillane,Vazquez,37000.00,Ib0800a,EconomyClass,Aterrizado
936,Carolina,Caceres,33000.00,Ib0800a,EconomyClass,Aterrizado
937,Randy,Yaniez,15000.00,Ib0800a,EconomyClass,Aterrizado
938,Arabel,Leiva,50000.00,Ib0800a,EconomyClass,Aterrizado
939,Verina,Escobar,37000.00,Ib0800a,EconomyClass,Aterrizado
940,Josefina,Ruiz,30000.00,Ib0800a,EconomyClass,Aterrizado
941,Nina,Valdes,25000.00,Ib0800a,EconomyClass,Aterrizado
942,Vernen,Vidal,18000.00,Ib0800a,EconomyClass,Aterrizado
943,Loria,Salinas,25000.00,Ib0800a,EconomyClass,Aterrizado
944,Isabeau,Zuniiga,37000.00,Ba2491a,EconomyClass,Aterrizado
945,Cherice,Penia,15000.00,Br3456j,EconomyClass,Demorado
946,Kimberley,Godoy,18000.00,Br3456j,EconomyClass,Demorado
947,Martyn,Lagos,25000.00,Br3456j,EconomyClass,Demorado
948,Agustin,Maldonado,25000.00,Br3456j,EconomyClass,Demorado
949,Clerissa,Bustos,15000.00,Br3456j,EconomyClass,Demorado
950,Lonna,Medina,10000.00,Br3456j,EconomyClass,Demorado
951,Wake,Pino,25000.00,Br3456j,EconomyClass,Demorado
952,Edwina,Palma,42000.00,Mm0987b,EconomyClass,En horario
953,Lacey,Moreno,50000.00,Mm0987b,EconomyClass,En horario
954,Laetitia,Sanhueza,33000.00,Mm0987b,EconomyClass,En horario
955,Delila,Carvajal,20000.00,Mm0987b,EconomyClass,En horario
956,Sioux,Navarrete,12000.00,Mm0987b,EconomyClass,En horario
957,Floyd,Saez,15000.00,Mm0987b,EconomyClass,En horario
958,Trista,Alvarado,50000.00,Br3456j,EconomyClass,Demorado
959,Shaughn,Donoso,15000.00,Br3456j,EconomyClass,Demorado
960,Zitella,Poblete,42000.00,Br3456j,EconomyClass,Demorado
961,Ginnie,Bustamante,15000.00,Br3456j,EconomyClass,Demorado
962,Burty,Toro,12000.00,Br3456j,EconomyClass,Demorado
963,Arley,Ortega,33000.00,Br3456j,EconomyClass,Demorado
964,Ansley,Venegas,37000.00,Br3456j,EconomyClass,Demorado
965,Kirstin,Guerrero,12000.00,Br3456j,EconomyClass,Demorado
966,Karon,Mendoza,10000.00,Br3456j,EconomyClass,Demorado
967,Esme,Farias,37000.00,Br3456j,EconomyClass,Demorado
968,Berenice,San,10000.00,Ib0800a,EconomyClass,Aterrizado
969,Charlie,Gonzalez,50000.00,Ib0800a,EconomyClass,Aterrizado
970,Noach,Fernandez,12000.00,Ib0800a,EconomyClass,Aterrizado
971,Mercedes,Rodriguez,12000.00,Ib0800a,EconomyClass,Aterrizado
972,Sloan,Lopez,42000.00,Ib0800a,EconomyClass,Aterrizado
973,Guglielma,Martinez,15000.00,Ib0800a,EconomyClass,Aterrizado
974,Herrick,Sanchez,30000.00,Ib0800a,EconomyClass,Aterrizado
975,Aleksandr,Perez,42000.00,Ib0800a,EconomyClass,Aterrizado
976,Arlina,Gomez,33000.00,Ib0800a,EconomyClass,Aterrizado
977,Wenonah,Martin,12000.00,Ib0800a,EconomyClass,Aterrizado
978,Warner,Jimenez,30000.00,Ib0800a,EconomyClass,Aterrizado
979,Libbey,Ruiz,42000.00,Ba2491a,EconomyClass,Aterrizado
980,Brana,Hernandez,10000.00,Ba2491a,EconomyClass,Aterrizado
981,Genevieve,Diaz,20000.00,Ba2491a,EconomyClass,Aterrizado
982,Sharai,Moreno,10000.00,Ba2491a,EconomyClass,Aterrizado
983,Josi,Alvarez,12000.00,Ba2491a,EconomyClass,Aterrizado
984,Pebrook,Munioz,33000.00,Ba2491a,EconomyClass,Aterrizado
985,Erna,Romero,33000.00,Ba2491a,EconomyClass,Aterrizado
986,Ferd,Alonso,25000.00,Ba2491a,EconomyClass,Aterrizado
987,Mohammed,Gutierrez,42000.00,Ba2491a,EconomyClass,Aterrizado
988,Dawn,Navarro,37000.00,Ba2491a,EconomyClass,Aterrizado
989,Wandie,Torres,25000.00,Ba2491a,EconomyClass,Aterrizado
990,Chiarra,Dominguez,18000.00,Mm0987b,EconomyClass,En horario
991,Zaccaria,Vazquez,33000.00,Mm0987b,EconomyClass,En horario
992,Trenna,Ramos,10000.00,Mm0987b,EconomyClass,En horario
993,Angelia,Moreno,50000.00,Mm0987b,EconomyClass,En horario
994,Raquela,Alvarez,12000.00,Mm0987b,EconomyClass,En horario
995,Maxi,Munioz,18000.00,Mm0987b,EconomyClass,En horario
996,Atalanta,Romero,37000.00,Mm0987b,EconomyClass,En horario
997,Witt,Alonso,12000.00,Mm0987b,EconomyClass,En horario
998,Jaye,Gutierrez,25000.00,Mm0987b,EconomyClass,En horario
999,Tamarra,Navarro,15000.00,Mm0987b,EconomyClass,En horario
1000,Saleem,Torres,20000.00,Mm0987b,EconomyClass,En horario
